[
    {
        "id": 185,
        "name_article": "Eukanuba Adulto Razas Grandes 15Kg + Obsequio + Sancks ",
        "category": 1,
        "marca": 7,
        "simbolo": "$",
        "price": "2120",
        "description": "Eukanuba Adulto Razas Grandes 15Kg + Obsequio + Sancks \r\n        \r\n        \r\n        \r\n        \r\n        \r\n        ",
        "age": 2,
        "name_age": "Adulto",
        "id_race": 1,
        "image": "pdBAkWpKCFos.jpg",
        "price_not": 1,
        "discount": null,
        "amunt_discuount": null
    },
    {
        "id": 186,
        "name_article": "Eukanuba Cachorro Razas Grandes 15Kg + Obsequio + Snacks ",
        "category": 1,
        "marca": 7,
        "simbolo": "$",
        "price": "2180",
        "description": "Eukanuba Cachorro Razas Grandes 15Kg + Obsequio + Snacks        \r\n        \r\n        \r\n        \r\n        \r\n        \r\n        ",
        "age": 1,
        "name_age": "Cachorro",
        "id_race": 1,
        "image": "j4hBC9nNourG.jpg",
        "price_not": 1,
        "discount": null,
        "amunt_discuount": null
    },
    {
        "id": 23,
        "name_article": "Royal Canin Mini Junior 3kg + Obsequio + Snack",
        "category": 1,
        "marca": 8,
        "simbolo": "$",
        "price": "1360",
        "description": "::NUEVA ERA:: Ofrece las mejores marcas de alimento balanceado, y para tu comodidad LLEGAMOS HASTA LA PUERTA DE TU CASA A TODO EL PAÍS.\r\nSin costo de ENVÍO!\r\nNuestro servicio de entrega a domicilio te garantiza Puntualidad, Comodidad & Seguridad, además que alimentas a tu mascota con las Mejores Marcas.\r\nEstamos en Jose Batlle y Ordoñez 3171\r\n24810610 - 092843813\r\n        \r\n        \r\n        \r\n        \r\n        \r\n        \r\n        \r\n        \r\n        \r\n        \r\n        \r\n        \r\n        ",
        "age": 1,
        "name_age": "Cachorro",
        "id_race": 1,
        "image": "DEhnd3ICVfH6.png",
        "price_not": 1,
        "discount": null,
        "amunt_discuount": null
    },
    {
        "id": 26,
        "name_article": "Royal Canin Medium Junior 3Kg + Obsequio + Snack ",
        "category": 1,
        "marca": 8,
        "simbolo": "$",
        "price": "1413",
        "description": "Royal Canin Medium Junior 3Kg + Obsequio + Snack \r\n        \r\n        \r\n        \r\n        \r\n        \r\n        \r\n        \r\n        \r\n        \r\n        \r\n        \r\n        \r\n        ",
        "age": 1,
        "name_age": "Cachorro",
        "id_race": 1,
        "image": "IVGBdd5aM2Ch.png",
        "price_not": 1,
        "discount": null,
        "amunt_discuount": null
    },
    {
        "id": 27,
        "name_article": "Royal Canin Medium Junior 15Kg + Obsequio + Snack ",
        "category": 1,
        "marca": 8,
        "simbolo": "$",
        "price": "3240",
        "description": "Royal Canin Medium Junior 15Kg + Obsequio + Snack \r\n        \r\n        \r\n        \r\n        \r\n        \r\n        \r\n        \r\n        \r\n        \r\n        \r\n        \r\n        \r\n        ",
        "age": 1,
        "name_age": "Cachorro",
        "id_race": 1,
        "image": "mkAOtWZ9S9yx.png",
        "price_not": 1,
        "discount": null,
        "amunt_discuount": null
    },
    {
        "id": 30,
        "name_article": "Royal Canin Maxi Junior 15Kg + Obsequio + Snack ",
        "category": 1,
        "marca": 8,
        "simbolo": "$",
        "price": "3400",
        "description": "Royal Canin Maxi Junior 15Kg + Obsequio + Snack \r\n        \r\n        \r\n        \r\n        \r\n        \r\n        \r\n        \r\n        \r\n        \r\n        \r\n        \r\n        \r\n        \r\n        \r\n        ",
        "age": 1,
        "name_age": "Cachorro",
        "id_race": 1,
        "image": "2FRTU03De6om.png",
        "price_not": 1,
        "discount": null,
        "amunt_discuount": null
    },
    {
        "id": 31,
        "name_article": "Royal Canin Maxi Adulto 15Kg + Obsequio + Snack ",
        "category": 1,
        "marca": 8,
        "simbolo": "$",
        "price": "3150",
        "description": "Royal Canin Maxi Adulto 15Kg + Obsequio + Snack \r\n        \r\n        \r\n        \r\n        ",
        "age": 1,
        "name_age": "Cachorro",
        "id_race": 1,
        "image": "2CHmMCYNYEz5.png",
        "price_not": 1,
        "discount": null,
        "amunt_discuount": null
    },
    {
        "id": 32,
        "name_article": "Royal Canin Maxi Adulto +5 15Kg + Obsequio + Snack",
        "category": 1,
        "marca": 8,
        "simbolo": "$",
        "price": "3400",
        "description": "Royal Canin Maxi Adulto +5 15Kg + Obsequio + Snack\r\n        \r\n        \r\n        \r\n        \r\n        \r\n        \r\n        \r\n        \r\n        \r\n        \r\n        \r\n        \r\n        ",
        "age": 1,
        "name_age": "Cachorro",
        "id_race": 1,
        "image": "fFQReQ5ZTtaC.png",
        "price_not": 1,
        "discount": null,
        "amunt_discuount": null
    },
    {
        "id": 33,
        "name_article": "Royal Canin Giant Junior 15Kg + Obsequio + Snack ",
        "category": 1,
        "marca": 8,
        "simbolo": "$",
        "price": "3250",
        "description": "Royal Canin Giant Junior 15Kg + Obsequio + Snack    \r\n        \r\n        \r\n        \r\n        ",
        "age": 1,
        "name_age": "Cachorro",
        "id_race": 1,
        "image": "Lpqd6RE8iMrm.png",
        "price_not": 1,
        "discount": null,
        "amunt_discuount": null
    },
    {
        "id": 35,
        "name_article": "Royal Canin Performance Junior 15Kg + Obsequio + Snack ",
        "category": 1,
        "marca": 8,
        "simbolo": "$",
        "price": "2550",
        "description": "Royal Canin Performance Junior 15k + Obsequio + Snack  \r\n        \r\n        \r\n        \r\n        \r\n        \r\n        \r\n        \r\n        \r\n        \r\n        \r\n        \r\n        ",
        "age": 1,
        "name_age": "Cachorro",
        "id_race": 1,
        "image": "Qbi8VpzoQVpp.png",
        "price_not": 1,
        "discount": null,
        "amunt_discuount": null
    },
    {
        "id": 28,
        "name_article": "Royal Canin Medium Adulto 3Kg + Obsequio + Snack",
        "category": 1,
        "marca": 8,
        "simbolo": "$",
        "price": "1285",
        "description": "Royal Canin Medium Adulto 3Kg + Obsequio + Snack\r\n        \r\n        \r\n        \r\n        \r\n        \r\n        \r\n        \r\n        \r\n        \r\n        \r\n        \r\n        \r\n        \r\n        ",
        "age": 2,
        "name_age": "Adulto",
        "id_race": 1,
        "image": "zKYvdZ5Aw7kP.png",
        "price_not": 1,
        "discount": null,
        "amunt_discuount": null
    },
    {
        "id": 29,
        "name_article": "Royal Canin Medium Adulto 15Kg + Obsequio + Snack",
        "category": 1,
        "marca": 8,
        "simbolo": "$",
        "price": "3060",
        "description": "Royal Canin Medium Adulto 15Kg + Obsequio + Snack\r\n        \r\n        \r\n        \r\n        \r\n        \r\n        \r\n        \r\n        \r\n        \r\n        \r\n        \r\n        \r\n        \r\n        \r\n        \r\n        ",
        "age": 2,
        "name_age": "Adulto",
        "id_race": 1,
        "image": "WAW8YJpk56DX.png",
        "price_not": 1,
        "discount": null,
        "amunt_discuount": null
    },
    {
        "id": 34,
        "name_article": "Royal Giant Adulto 15Kg + Obsequio + Snack ",
        "category": 1,
        "marca": 8,
        "simbolo": "$",
        "price": "3000",
        "description": "Royal Giant Adulto 15Kg + Obsequio + Snack \r\n        \r\n        \r\n        \r\n        \r\n        ",
        "age": 2,
        "name_age": "Adulto",
        "id_race": 1,
        "image": "eGqMZW7Mp3yv.png",
        "price_not": 1,
        "discount": null,
        "amunt_discuount": null
    },
    {
        "id": 36,
        "name_article": "Royal Canin Performance Adulto 15Kg + Obsequio + Snack",
        "category": 1,
        "marca": 8,
        "simbolo": "$",
        "price": "2050",
        "description": "Royal Canin Performance Adulto 15Kg + Obsequio + Snack\r\n        \r\n        \r\n        \r\n        \r\n        \r\n        \r\n        \r\n        \r\n        \r\n        \r\n        \r\n        \r\n        ",
        "age": 2,
        "name_age": "Adulto",
        "id_race": 1,
        "image": "nxW4OXEr7eTY.png",
        "price_not": 1,
        "discount": null,
        "amunt_discuount": null
    },
    {
        "id": 207,
        "name_article": "Royal Canin Bulldog Frances Adulto 3Kg + Obsequio + Sanck",
        "category": 1,
        "marca": 8,
        "simbolo": "$",
        "price": "1490",
        "description": "Royal Canin Bulldog Frances Adulto 3Kg + Obsequio + Sanck\r\n        \r\n        \r\n        \r\n        \r\n        ",
        "age": 2,
        "name_age": "Adulto",
        "id_race": 1,
        "image": "W3c2htJv1Vhf.jpg",
        "price_not": 1,
        "discount": null,
        "amunt_discuount": null
    },
    {
        "id": 25,
        "name_article": "Royal Canin Mini Adulto + 8 3kg + Obsequio + Snack ",
        "category": 1,
        "marca": 8,
        "simbolo": "$",
        "price": "1361",
        "description": "Royal Canin Mini Adulto + 8 3Kg + Obsequio + Snack \r\n        \r\n        \r\n        \r\n        \r\n        \r\n        \r\n        \r\n        \r\n        \r\n        \r\n        \r\n        \r\n        \r\n        ",
        "age": 3,
        "name_age": "Senior",
        "id_race": 1,
        "image": "fniV6RSBv54D.png",
        "price_not": 1,
        "discount": null,
        "amunt_discuount": null
    },
    {
        "id": 287,
        "name_article": "Max Cachorro Crecimiento Saludable (Pollo) 20Kg + Obsequio + Snacks ",
        "category": 1,
        "marca": 9,
        "simbolo": "$",
        "price": "2050",
        "description": "Max Cachorro Crecimiento Saludable (Pollo) 20'Kg + Obsequio + Snacks \r\n        ",
        "age": 1,
        "name_age": "Cachorro",
        "id_race": null,
        "image": "V4u5cCqeRoeS.jpeg",
        "price_not": null,
        "discount": null,
        "amunt_discuount": null
    },
    {
        "id": 331,
        "name_article": "Max Cachorro (Carne) 20Kg + Obsequio + Snacks ",
        "category": 1,
        "marca": 9,
        "simbolo": "$",
        "price": "1980",
        "description": "Max Cachorro (Carne) 20Kg + Obsequio + Snacks \r\n        ",
        "age": 1,
        "name_age": "Cachorro",
        "id_race": null,
        "image": "gaygPHs8VV0n.jpeg",
        "price_not": null,
        "discount": null,
        "amunt_discuount": null
    },
    {
        "id": 290,
        "name_article": "Max Buffet Adulto 20Kg + Obsequio + Snacks",
        "category": 1,
        "marca": 9,
        "simbolo": "$",
        "price": "1890",
        "description": "Max Buffet Adulto 20Kg + Obsequio + Snacks\r\n        \r\n        \r\n        \r\n        ",
        "age": 2,
        "name_age": "Adulto",
        "id_race": null,
        "image": "Y99OtNuvaru8.jpeg",
        "price_not": null,
        "discount": null,
        "amunt_discuount": null
    },
    {
        "id": 291,
        "name_article": "Max Selection (Pollo) Adulto 20Kg + 2 Kg + Obsequio + Snacks ",
        "category": 1,
        "marca": 9,
        "simbolo": "$",
        "price": "1890",
        "description": "Max Selection (Pollo) Adulto 20Kg + 2 Kg  + Obsequio + Snacks \r\n        \r\n        \r\n        \r\n        ",
        "age": 2,
        "name_age": "Adulto",
        "id_race": null,
        "image": "SBwZFa1efJrY.jpg",
        "price_not": null,
        "discount": null,
        "amunt_discuount": null
    },
    {
        "id": 292,
        "name_article": "Max Máximo Desempeño (Carne) Adulto 20Kg + Obsequio + Snacks ",
        "category": 1,
        "marca": 9,
        "simbolo": "$",
        "price": "1802",
        "description": "Max Máximo Desempeño (Carne) Adulto 20Kg + Obsequio + Snacks \r\n        \r\n        \r\n        \r\n        ",
        "age": 2,
        "name_age": "Adulto",
        "id_race": null,
        "image": "WjpmtqP0HWsG.jpeg",
        "price_not": null,
        "discount": null,
        "amunt_discuount": null
    },
    {
        "id": 296,
        "name_article": "Max Light 15Kg + Obsequio + Snacks ",
        "category": 1,
        "marca": 9,
        "simbolo": "$",
        "price": "1450",
        "description": "Max Light 15Kg + Obsequio + Snacks \r\n        \r\n        \r\n        \r\n        ",
        "age": 2,
        "name_age": "Adulto",
        "id_race": null,
        "image": "oJNnOkkIDudQ.jpeg",
        "price_not": null,
        "discount": null,
        "amunt_discuount": null
    },
    {
        "id": 426,
        "name_article": "Max Selection 20 Kg + 5 Kg + Obsequio + Snack ",
        "category": 1,
        "marca": 9,
        "simbolo": "$",
        "price": "2050",
        "description": "Max Selection 20 Kg + 5 Kg + Obsequio + Snack \r\n        \r\n        \r\n        ",
        "age": 2,
        "name_age": "Adulto",
        "id_race": null,
        "image": "2sNvHB6BznwQ.jpg",
        "price_not": null,
        "discount": null,
        "amunt_discuount": null
    },
    {
        "id": 332,
        "name_article": "Max Mature 15Kg + Obsequio + Snacks ",
        "category": 1,
        "marca": 9,
        "simbolo": "$",
        "price": "1450",
        "description": "Max Mature 15Kg + Obsequio + Snacks \r\n        \r\n        \r\n        \r\n        ",
        "age": 3,
        "name_age": "Senior",
        "id_race": null,
        "image": "YkxKXfbFUQjb.jpeg",
        "price_not": null,
        "discount": null,
        "amunt_discuount": null
    },
    {
        "id": 309,
        "name_article": "Pro Plan Puppy Razas Pequeñas 3Kg + Obsequio + Snacks",
        "category": 1,
        "marca": 12,
        "simbolo": "$",
        "price": "813",
        "description": "Pro Plan Puppy Razas Pequeñas 3Kg + Obsequio + Snacks\r\n        \r\n        \r\n        \r\n        \r\n        \r\n        ",
        "age": 1,
        "name_age": "Cachorro",
        "id_race": null,
        "image": "egyCYpYVOyW5.jpeg",
        "price_not": null,
        "discount": null,
        "amunt_discuount": null
    },
    {
        "id": 310,
        "name_article": "Pro Plan Puppy Razas Pequeñas 7,5Kg + Obsequio + Snacks",
        "category": 1,
        "marca": 12,
        "simbolo": "$",
        "price": "1659",
        "description": "Pro Plan Puppy Razas Pequeñas 7,5Kg + Obsequio + Snacks\r\n        \r\n        \r\n        \r\n        \r\n        \r\n        ",
        "age": 1,
        "name_age": "Cachorro",
        "id_race": null,
        "image": "D1LHyzyCKkkA.jpeg",
        "price_not": null,
        "discount": null,
        "amunt_discuount": null
    },
    {
        "id": 311,
        "name_article": "Pro Plan Puppy Razas Medianas 3Kg + Obsequio + Snacks",
        "category": 1,
        "marca": 12,
        "simbolo": "$",
        "price": "813",
        "description": "Pro Plan Puppy Razas Medianas 3Kg + Obsequio + Snacks\r\n        \r\n        \r\n        \r\n        ",
        "age": 1,
        "name_age": "Cachorro",
        "id_race": null,
        "image": "ZEPyq3Jh592x.jpeg",
        "price_not": null,
        "discount": null,
        "amunt_discuount": null
    },
    {
        "id": 318,
        "name_article": "Pro Plan Puppy Razas Medianas 15Kg + Obsequio + Snacks",
        "category": 1,
        "marca": 12,
        "simbolo": "$",
        "price": "2490",
        "description": "",
        "age": 1,
        "name_age": "Cachorro",
        "id_race": null,
        "image": "xbIt0Zx4XGFw.jpeg",
        "price_not": null,
        "discount": null,
        "amunt_discuount": null
    },
    {
        "id": 319,
        "name_article": "Pro Plan Puppy Razas Grandes 15Kg + Obsequio + Snacks",
        "category": 1,
        "marca": 12,
        "simbolo": "$",
        "price": "2490",
        "description": "Pro Plan Puppy Razas Grandes 15Kg + Obsequio + Snacks\r\n        \r\n        \r\n        \r\n        ",
        "age": 1,
        "name_age": "Cachorro",
        "id_race": null,
        "image": "5hkoyQo7VADA.png",
        "price_not": null,
        "discount": null,
        "amunt_discuount": null
    },
    {
        "id": 314,
        "name_article": "Pro Plan Adulto Razas Pequeñas 3Kg + Obsequio + Snacks",
        "category": 1,
        "marca": 12,
        "simbolo": "$",
        "price": "760",
        "description": "Pro Plan Adulto Razas Pequeñas 3Kg + Obsequio + Snacks\r\n        \r\n        \r\n        \r\n        ",
        "age": 2,
        "name_age": "Adulto",
        "id_race": null,
        "image": "hGiayySzpkJD.jpeg",
        "price_not": null,
        "discount": null,
        "amunt_discuount": null
    },
    {
        "id": 316,
        "name_article": "Pro Plan Adulto Razas Medianas 3Kg + Obsequio + Snacks",
        "category": 1,
        "marca": 12,
        "simbolo": "$",
        "price": "749",
        "description": "Pro Plan Adulto Razas Medianas 3Kg + Obsequio + Snacks\r\n        \r\n        \r\n        \r\n        ",
        "age": 2,
        "name_age": "Adulto",
        "id_race": null,
        "image": "6awaMPNMx9Wf.png",
        "price_not": null,
        "discount": null,
        "amunt_discuount": null
    },
    {
        "id": 317,
        "name_article": "Pro Plan Adulto Razas Medianas 15Kg + Obsequio + Snacks",
        "category": 1,
        "marca": 12,
        "simbolo": "$",
        "price": "2390",
        "description": "Pro Plan Adulto Razas Medianas 15Kg + Obsequio + Snacks\r\n        ",
        "age": 2,
        "name_age": "Adulto",
        "id_race": null,
        "image": "Z450yz15yIhd.png",
        "price_not": null,
        "discount": null,
        "amunt_discuount": null
    },
    {
        "id": 321,
        "name_article": "Pro Plan Adulto Razas Grandes  15Kg + Obsequio + Snacks",
        "category": 1,
        "marca": 12,
        "simbolo": "$",
        "price": "2390",
        "description": "Pro Plan Adulto Razas Grandes  15Kg + Obsequio + Snacks\r\n        \r\n        \r\n        ",
        "age": 2,
        "name_age": "Adulto",
        "id_race": null,
        "image": "OoMRkmC71c1B.png",
        "price_not": null,
        "discount": null,
        "amunt_discuount": null
    },
    {
        "id": 324,
        "name_article": "Pro Plan Sensitive Skin Dog 15Kg + Obsequio + Snacks",
        "category": 1,
        "marca": 12,
        "simbolo": "$",
        "price": "2985",
        "description": "Pro Plan Sensitive Skin Dog 15Kg + Obsequio + Snacks\r\n        \r\n        \r\n        \r\n        \r\n        ",
        "age": 2,
        "name_age": "Adulto",
        "id_race": null,
        "image": "ZNyc9S7Wu8ZS.png",
        "price_not": null,
        "discount": null,
        "amunt_discuount": null
    },
    {
        "id": 325,
        "name_article": "Pro Plan Reduce Calorie Dog 15Kg + Obsequio + Snacks",
        "category": 1,
        "marca": 12,
        "simbolo": "$",
        "price": "2690",
        "description": "Pro Plan Reduce Calorie Dog 15Kg + Obsequio + Snacks\r\n        \r\n        \r\n        \r\n        \r\n        ",
        "age": 2,
        "name_age": "Adulto",
        "id_race": null,
        "image": "f8gTjRQvaB89.png",
        "price_not": null,
        "discount": null,
        "amunt_discuount": null
    },
    {
        "id": 326,
        "name_article": "Pro Plan Exigent Dog Razas Pequeñas 7,5Kg + Obsequio + Snacks",
        "category": 1,
        "marca": 12,
        "simbolo": "$",
        "price": "1658 ",
        "description": "Pro Plan Delicate Dog Razas Pequeñas 7,5Kg + Obsequio + Snacks\r\n        \r\n        \r\n        \r\n        \r\n        ",
        "age": 2,
        "name_age": "Adulto",
        "id_race": null,
        "image": "UkSIBGvQhujj.png",
        "price_not": null,
        "discount": null,
        "amunt_discuount": null
    },
    {
        "id": 322,
        "name_article": "Pro Plan Active Mind (Senior) Razas Medianas y Grandes 15Kg + Obsequio + Snacks",
        "category": 1,
        "marca": 12,
        "simbolo": "$",
        "price": "2790",
        "description": "Pro Plan Active Mind (Senior) Razas Medianas y Grandes 15Kg + Obsequio + Snacks\r\n        \r\n        \r\n        \r\n        \r\n        \r\n        \r\n        ",
        "age": 3,
        "name_age": "Senior",
        "id_race": null,
        "image": "Lcf5YT19WcMP.png",
        "price_not": null,
        "discount": null,
        "amunt_discuount": null
    },
    {
        "id": 323,
        "name_article": "Pro Plan Active Mind (Senior) Razas Pequeñas 7,5Kg + Obsequio + Snacks",
        "category": 1,
        "marca": 12,
        "simbolo": "$",
        "price": "1798",
        "description": "Pro Plan Active Mind (Senior) Razas Pequeñas 7,5Kg + Obsequio + Snacks\r\n        \r\n        \r\n        \r\n        ",
        "age": 3,
        "name_age": "Senior",
        "id_race": null,
        "image": "Vou1VCnqbPLW.png",
        "price_not": null,
        "discount": null,
        "amunt_discuount": null
    },
    {
        "id": 13,
        "name_article": "Dog Chow Cachorros 21Kg + Obsequio + Snacks",
        "category": 1,
        "marca": 13,
        "simbolo": "$",
        "price": "2200",
        "description": "Dog Chow Cachorros 21Kg + Obsequio + Snacks\r\n        \r\n        \r\n        \r\n        \r\n        \r\n        \r\n        \r\n        \r\n        \r\n        \r\n        \r\n        \r\n        ",
        "age": 1,
        "name_age": "Cachorro",
        "id_race": 1,
        "image": "a0GnPFyMXNbf.jpg",
        "price_not": 1,
        "discount": null,
        "amunt_discuount": null
    },
    {
        "id": 175,
        "name_article": "Dog Chow Cachorros 8Kg + Obsequio + Snacks",
        "category": 1,
        "marca": 13,
        "simbolo": "$",
        "price": "915",
        "description": "Dog Chow Cachorros 8Kg + Obsequio + Snacks          \r\n        \r\n        \r\n        \r\n        \r\n        \r\n        ",
        "age": 1,
        "name_age": "Cachorro",
        "id_race": 1,
        "image": "liPMLkBge30W.jpg",
        "price_not": 1,
        "discount": null,
        "amunt_discuount": null
    },
    {
        "id": 14,
        "name_article": "Dog Chow Adulto Razas Pequeñas 8Kg + Obsequio + Snacks",
        "category": 1,
        "marca": 13,
        "simbolo": "$",
        "price": "850",
        "description": "Dog Chow Adulto Razas Pequeñas 8Kg + Obsequio + Snacks     \r\n        \r\n        \r\n        \r\n        \r\n        \r\n        ",
        "age": 2,
        "name_age": "Adulto",
        "id_race": 1,
        "image": "a8y03vjlRHWf.jpg",
        "price_not": 1,
        "discount": null,
        "amunt_discuount": null
    },
    {
        "id": 239,
        "name_article": " Dog Chow Adulto 21Kg + Obsequio + Snacks",
        "category": 1,
        "marca": 13,
        "simbolo": "$",
        "price": "1990",
        "description": "Dog Chow Adulto 21Kg + Obsequio + Snacks\r\n\r\n        \r\n        \r\n        \r\n        \r\n        \r\n        \r\n        \r\n        \r\n        \r\n        \r\n        \r\n        \r\n        \r\n        ",
        "age": 2,
        "name_age": "Adulto",
        "id_race": 1,
        "image": "jNJcjIeMs0Xv.jpg",
        "price_not": 1,
        "discount": null,
        "amunt_discuount": null
    },
    {
        "id": 329,
        "name_article": " Dog Chow Adulto 8Kg + Obsequio + Snacks",
        "category": 1,
        "marca": 13,
        "simbolo": "$",
        "price": "830",
        "description": "Dog Chow Adulto 8Kg + Obsequio + Snacks\r\n        \r\n        \r\n        \r\n        ",
        "age": 2,
        "name_age": "Adulto",
        "id_race": null,
        "image": "o7ydVsvLKlwq.jpg",
        "price_not": null,
        "discount": null,
        "amunt_discuount": null
    },
    {
        "id": 174,
        "name_article": "Dog Chow Edad Madura 8Kg + Obsequio + Snacks",
        "category": 1,
        "marca": 13,
        "simbolo": "$",
        "price": "915",
        "description": "Dog Chow Edad Madura 8Kg + Obsequio + Snacks    \r\n        \r\n        \r\n        \r\n        ",
        "age": 3,
        "name_age": "Senior",
        "id_race": 1,
        "image": "PJQerddK8OVx.jpg",
        "price_not": 1,
        "discount": null,
        "amunt_discuount": null
    },
    {
        "id": 330,
        "name_article": " Dog Chow Edad Madura 21Kg + Obsequio + Snacks",
        "category": 1,
        "marca": 13,
        "simbolo": "$",
        "price": "2080",
        "description": "Dog Chow Edad Madura 21Kg + Obsequio + Snacks\r\n        \r\n        \r\n        \r\n        \r\n        ",
        "age": 3,
        "name_age": "Senior",
        "id_race": null,
        "image": "R1cCeWS1U815.jpg",
        "price_not": null,
        "discount": null,
        "amunt_discuount": null
    },
    {
        "id": 38,
        "name_article": "Equilibrio Cachorro Raza Pequeña 7.5Kg + Obsequio + Snack ",
        "category": 1,
        "marca": 15,
        "simbolo": "$",
        "price": "1310",
        "description": "Equilibrio Cachorro Raza Pequeña 7.5Kg + Obsequio + Snack\r\n        \r\n        \r\n        \r\n        \r\n        \r\n        ",
        "age": 1,
        "name_age": "Cachorro",
        "id_race": 1,
        "image": "p7BJDSN5kbxK.jpg",
        "price_not": 1,
        "discount": null,
        "amunt_discuount": null
    },
    {
        "id": 42,
        "name_article": "Equilibrio Cachorro Raza Grande 15Kg + Obsequio + Snack ",
        "category": 1,
        "marca": 15,
        "simbolo": "$",
        "price": "2351",
        "description": "Equilibrio Cachorro Raza Grande 15Kg + Obsequio + Snack \r\n        \r\n        \r\n        \r\n        \r\n        \r\n        \r\n        \r\n        ",
        "age": 1,
        "name_age": "Cachorro",
        "id_race": 1,
        "image": "76kACpg4l9Bt.jpg",
        "price_not": 1,
        "discount": null,
        "amunt_discuount": null
    },
    {
        "id": 43,
        "name_article": "Equilibrio Adulto Raza Grande 15Kg  + Obsequio + Snack ",
        "category": 1,
        "marca": 15,
        "simbolo": "$",
        "price": "2122",
        "description": "Equilibrio Adulto Raza Grande 15Kg + Obsequio + Snack \r\n        \r\n        \r\n        \r\n        \r\n        \r\n        \r\n        \r\n        \r\n        ",
        "age": 1,
        "name_age": "Cachorro",
        "id_race": 1,
        "image": "1jZg86X3E0Mc.jpg",
        "price_not": 1,
        "discount": null,
        "amunt_discuount": null
    },
    {
        "id": 45,
        "name_article": "Equilibrio Adultos Light 15Kg + Obsequio + Snack  ",
        "category": 1,
        "marca": 15,
        "simbolo": "$",
        "price": "2095",
        "description": "Equilibrio Adultos Light 15Kg + Obsequio + Snack  \r\n        \r\n        \r\n        \r\n        \r\n        \r\n        \r\n        \r\n        \r\n        ",
        "age": 1,
        "name_age": "Cachorro",
        "id_race": 1,
        "image": "DlXfy55CePcG.jpg",
        "price_not": 1,
        "discount": null,
        "amunt_discuount": null
    },
    {
        "id": 265,
        "name_article": "Equilibrio Cachorro 15Kg + 3Kg + Obsequio + Snack",
        "category": 1,
        "marca": 15,
        "simbolo": "$",
        "price": "2307",
        "description": "Equilibrio Cachorro 15Kg + 3Kg + Obsequio + Snack\r\n        \r\n        \r\n        \r\n        \r\n        \r\n        \r\n        \r\n        \r\n        \r\n        \r\n        \r\n        \r\n        ",
        "age": 1,
        "name_age": "Cachorro",
        "id_race": 1,
        "image": "dY3yqrRCWlEV.jpeg",
        "price_not": 1,
        "discount": null,
        "amunt_discuount": null
    },
    {
        "id": 300,
        "name_article": "Equilibrio Cachorro 2Kg ",
        "category": 1,
        "marca": 15,
        "simbolo": "$",
        "price": "390",
        "description": "Envíos con compras mayores a $800\r\n        \r\n        \r\n        \r\n        \r\n        \r\n        \r\n        ",
        "age": 1,
        "name_age": "Cachorro",
        "id_race": null,
        "image": "7C4Kio4JcHv0.jpeg",
        "price_not": null,
        "discount": null,
        "amunt_discuount": null
    },
    {
        "id": 302,
        "name_article": "Equilibrio Cachorro Razas Pequeñas 2Kg",
        "category": 1,
        "marca": 15,
        "simbolo": "$",
        "price": "445",
        "description": "Envíos con compras mayores a $800\r\n        \r\n        \r\n        \r\n        \r\n        \r\n        ",
        "age": 1,
        "name_age": "Cachorro",
        "id_race": null,
        "image": "71a1f4JeuPAa.jpg",
        "price_not": null,
        "discount": null,
        "amunt_discuount": null
    },
    {
        "id": 39,
        "name_article": "Equilibrio Adulto Raza Pequeña 7.5Kg + Obsequio + Snack ",
        "category": 1,
        "marca": 15,
        "simbolo": "$",
        "price": "1248",
        "description": "Equilibrio Adulto Raza Pequeña 7.5Kg + Obsequio + Snack \r\n        \r\n        \r\n        \r\n        \r\n        \r\n        ",
        "age": 2,
        "name_age": "Adulto",
        "id_race": 1,
        "image": "6UTOldrZo2SC.jpg",
        "price_not": 1,
        "discount": null,
        "amunt_discuount": null
    },
    {
        "id": 44,
        "name_article": "Equilibrio Canes Sensibles 15Kg + Obsequio + Snack ",
        "category": 1,
        "marca": 15,
        "simbolo": "$",
        "price": "2540",
        "description": "Equilibrio Canes Sensibles 15Kg + Obsequio + Snack \r\n        \r\n        \r\n        \r\n        \r\n        \r\n        \r\n        ",
        "age": 2,
        "name_age": "Adulto",
        "id_race": 1,
        "image": "u8t9zP4fA7V6.jpg",
        "price_not": 1,
        "discount": null,
        "amunt_discuount": null
    },
    {
        "id": 264,
        "name_article": "Equilibrio Adulto 15Kg + 3Kg + Obsequio + Snack ",
        "category": 1,
        "marca": 15,
        "simbolo": "$",
        "price": "2122",
        "description": "Equilibrio Adulto 15Kg + 3Kg + Obsequio + Snack \r\n        \r\n        \r\n        \r\n        \r\n        \r\n        \r\n        \r\n        ",
        "age": 2,
        "name_age": "Adulto",
        "id_race": 1,
        "image": "Oev4tFBWcPBm.jpeg",
        "price_not": 1,
        "discount": null,
        "amunt_discuount": null
    },
    {
        "id": 299,
        "name_article": "Equilibrio Adulto 2Kg ",
        "category": 1,
        "marca": 15,
        "simbolo": "$",
        "price": "344",
        "description": "Envíos en compras mayores a $800 \r\n        \r\n        \r\n        \r\n        \r\n        ",
        "age": 2,
        "name_age": "Adulto",
        "id_race": null,
        "image": "bWenYKSbUEqA.jpeg",
        "price_not": null,
        "discount": null,
        "amunt_discuount": null
    },
    {
        "id": 301,
        "name_article": "Equilibrio Adulto Razas Pequeñas 2Kg",
        "category": 1,
        "marca": 15,
        "simbolo": "$",
        "price": "427",
        "description": "Envíos con compras mayores a $800\r\n        \r\n        \r\n        \r\n        \r\n        \r\n        ",
        "age": 2,
        "name_age": "Adulto",
        "id_race": null,
        "image": "qMHaqOjNL4bU.jpg",
        "price_not": null,
        "discount": null,
        "amunt_discuount": null
    },
    {
        "id": 46,
        "name_article": "Equilibrio Mature Active 15 Kg+ Obsequio + Snack  ",
        "category": 1,
        "marca": 15,
        "simbolo": "$",
        "price": "2307",
        "description": "Equilibrio Mature Active 15 Kg+ Obsequio + Snack  \r\n        \r\n        \r\n        \r\n        \r\n        \r\n        \r\n        ",
        "age": 3,
        "name_age": "Senior",
        "id_race": 1,
        "image": "wqvlepuY98MU.jpg",
        "price_not": 1,
        "discount": null,
        "amunt_discuount": null
    },
    {
        "id": 270,
        "name_article": "Equilibrio Gato Adulto 7.5Kg  + Obsequio ",
        "category": 2,
        "marca": 15,
        "simbolo": "$",
        "price": "1309",
        "description": "Equilibrio Gato Adulto 7.5Kg  + Obsequio \r\n        \r\n        \r\n        \r\n        \r\n        \r\n        \r\n        ",
        "age": 2,
        "name_age": "Adulto",
        "id_race": 1,
        "image": "SNn7HVVyHY56.jpeg",
        "price_not": 1,
        "discount": null,
        "amunt_discuount": null
    },
    {
        "id": 18,
        "name_article": "Cat Chow Gatitos 8Kg + Obsequio ",
        "category": 2,
        "marca": 14,
        "simbolo": "$",
        "price": "1150",
        "description": "Cat Chow Gatitos 8Kg + Obsequio \r\n        \r\n        \r\n        \r\n        \r\n        \r\n        \r\n        \r\n        \r\n        \r\n        \r\n        \r\n        \r\n        \r\n        \r\n        ",
        "age": 1,
        "name_age": "Cachorro",
        "id_race": 1,
        "image": "VHcY5nsCUB8m.png",
        "price_not": 1,
        "discount": null,
        "amunt_discuount": null
    },
    {
        "id": 19,
        "name_article": "Cat Chow Adulto 8Kg + Obsequio ",
        "category": 2,
        "marca": 14,
        "simbolo": "$",
        "price": "1040",
        "description": "Cat Chow Adulto 8Kg + Obsequio \r\n        \r\n        \r\n        \r\n        \r\n        \r\n        \r\n        \r\n        \r\n        \r\n        \r\n        \r\n        \r\n        \r\n        \r\n        \r\n        \r\n        \r\n        \r\n        ",
        "age": 2,
        "name_age": "Adulto",
        "id_race": 1,
        "image": "MXGIAe83lpGr.png",
        "price_not": 1,
        "discount": null,
        "amunt_discuount": null
    },
    {
        "id": 20,
        "name_article": "Cat Chow Adulto 15Kg + Obsequio",
        "category": 2,
        "marca": 14,
        "simbolo": "$",
        "price": "1940",
        "description": "Cat Chow Adulto 15Kg + Obsequio \r\n        \r\n        \r\n        \r\n        \r\n        \r\n        \r\n        \r\n        \r\n        \r\n        \r\n        \r\n        ",
        "age": 2,
        "name_age": "Adulto",
        "id_race": 1,
        "image": "LQlAwVsjciI3.png",
        "price_not": 1,
        "discount": null,
        "amunt_discuount": null
    },
    {
        "id": 56,
        "name_article": "Max Cat Buffet 8Kg + Obsequio",
        "category": 2,
        "marca": 11,
        "simbolo": "$",
        "price": "1090",
        "description": "Max Cat Buffet 8Kg + Obsequio          \r\n        \r\n        \r\n        \r\n        \r\n        \r\n        ",
        "age": 2,
        "name_age": "Adulto",
        "id_race": 1,
        "image": "4UvgfeABI7tg.png",
        "price_not": 1,
        "discount": null,
        "amunt_discuount": null
    },
    {
        "id": 297,
        "name_article": "Max Cat Buffet 20Kg + Obsequio",
        "category": 2,
        "marca": 11,
        "simbolo": "$",
        "price": "2400",
        "description": "Max Cat Buffet 20Kg + Obsequio\r\n        \r\n        \r\n        \r\n        ",
        "age": 2,
        "name_age": "Adulto",
        "id_race": null,
        "image": "OBLyPpBmJMRV.jpeg",
        "price_not": null,
        "discount": null,
        "amunt_discuount": null
    },
    {
        "id": 298,
        "name_article": "Max Cat Adultos Castrados 10.1Kg + Obsequio",
        "category": 2,
        "marca": 11,
        "simbolo": "$",
        "price": "1390",
        "description": "Max Cat Adultos Castrados 10.1Kg + Obsequio\r\n        \r\n        \r\n        \r\n        \r\n        ",
        "age": 2,
        "name_age": "Adulto",
        "id_race": null,
        "image": "mXHEA9eX4xYP.jpeg",
        "price_not": null,
        "discount": null,
        "amunt_discuount": null
    },
    {
        "id": 48,
        "name_article": "Equilibro Gatitos 7.5Kg + Obsequio ",
        "category": 2,
        "marca": 10,
        "simbolo": "$",
        "price": "1468",
        "description": "Equilibro Gatitos 7.5Kg + Obsequio             \r\n        \r\n        \r\n        \r\n        \r\n        \r\n        ",
        "age": 1,
        "name_age": "Cachorro",
        "id_race": 1,
        "image": "qNShYuYdiDQr.png",
        "price_not": 1,
        "discount": null,
        "amunt_discuount": null
    },
    {
        "id": 49,
        "name_article": "Equilibrio Gato Adulto Pelo Largo 7,5Kg + Obsequio",
        "category": 2,
        "marca": 10,
        "simbolo": "$",
        "price": "1406",
        "description": "Equilibrio Gato Adulto Pelo Largo 7,5Kg + Obsequio\r\n        \r\n        \r\n        \r\n        \r\n        ",
        "age": 2,
        "name_age": "Adulto",
        "id_race": 1,
        "image": "UMASUvkzB76w.png",
        "price_not": 1,
        "discount": null,
        "amunt_discuount": null
    },
    {
        "id": 303,
        "name_article": "Equilibrio Gato Adulto 1.5Kg ",
        "category": 2,
        "marca": 10,
        "simbolo": "$",
        "price": "373",
        "description": "Envíos con compras mayores a $800\r\n        \r\n        \r\n        \r\n        ",
        "age": 2,
        "name_age": "Adulto",
        "id_race": null,
        "image": "BfdlGY22ccrC.jpeg",
        "price_not": null,
        "discount": null,
        "amunt_discuount": null
    },
    {
        "id": 304,
        "name_article": "Equilibrio Gatito 1.5Kg",
        "category": 2,
        "marca": 10,
        "simbolo": "$",
        "price": "390",
        "description": "Envíos con compras mayores a $800\r\n        \r\n        \r\n        \r\n        ",
        "age": 1,
        "name_age": "Cachorro",
        "id_race": null,
        "image": "4CGw0wXOqwdZ.png",
        "price_not": null,
        "discount": null,
        "amunt_discuount": null
    },
    {
        "id": 305,
        "name_article": "Equilibrio Gato Light 1.5Kg",
        "category": 2,
        "marca": 10,
        "simbolo": "$",
        "price": "396",
        "description": "Envíos con compras mayores a $800\r\n        \r\n        \r\n        \r\n        \r\n        ",
        "age": 2,
        "name_age": "Adulto",
        "id_race": null,
        "image": "pb5jXp9WbIKv.jpeg",
        "price_not": null,
        "discount": null,
        "amunt_discuount": null
    },
    {
        "id": 306,
        "name_article": "Equilibrio Gato Castrado 1.5Kg ",
        "category": 2,
        "marca": 10,
        "simbolo": "$",
        "price": "461",
        "description": "Envíos con compras mayores a $800\r\n        \r\n        \r\n        \r\n        \r\n        \r\n        ",
        "age": 2,
        "name_age": "Adulto",
        "id_race": null,
        "image": "DQQdegZfeqqc.jpeg",
        "price_not": null,
        "discount": null,
        "amunt_discuount": null
    },
    {
        "id": 307,
        "name_article": "Equilibrio Gato Mature 1.5Kg",
        "category": 2,
        "marca": 10,
        "simbolo": "$",
        "price": "461",
        "description": "Envíos con compras mayores a $800\r\n        \r\n        \r\n        \r\n        \r\n        ",
        "age": 3,
        "name_age": "Senior",
        "id_race": null,
        "image": "8nIpsF26Vas3.jpeg",
        "price_not": null,
        "discount": null,
        "amunt_discuount": null
    },
    {
        "id": 308,
        "name_article": "Equilibrio Gato Persa 1.5Kg",
        "category": 2,
        "marca": 10,
        "simbolo": "$",
        "price": "396",
        "description": "Envíos con compras mayores a $800\r\n        \r\n        \r\n        \r\n        ",
        "age": 2,
        "name_age": "Adulto",
        "id_race": null,
        "image": "pJ0b0AleeHYZ.png",
        "price_not": null,
        "discount": null,
        "amunt_discuount": null
    },
    {
        "id": 95,
        "name_article": "Whiskas 10 Kg + Obsequio ",
        "category": 2,
        "marca": 30,
        "simbolo": "$",
        "price": "1300",
        "description": "Whiskas 10Kg \r\nSabores:\r\nCarne \r\nPescado\r\nPollo\r\nSalmon \r\n        \r\n        \r\n        \r\n        \r\n        \r\n        ",
        "age": 1,
        "name_age": "Cachorro",
        "id_race": 1,
        "image": "jEo9n2emqxjU.png",
        "price_not": 1,
        "discount": null,
        "amunt_discuount": null
    },
    {
        "id": 110,
        "name_article": "Frost Gatito 7,5Kg + Obsequio",
        "category": 2,
        "marca": 36,
        "simbolo": "$",
        "price": "1359",
        "description": "Frost Gatito 7,5Kg + Obsequio \r\n        \r\n        \r\n        \r\n        \r\n        ",
        "age": 1,
        "name_age": "Cachorro",
        "id_race": 1,
        "image": "rvvHOTgQdMSo.png",
        "price_not": 1,
        "discount": null,
        "amunt_discuount": null
    },
    {
        "id": 269,
        "name_article": "Frost Cat Indoor 7.5Kg + Obsequio ",
        "category": 2,
        "marca": 36,
        "simbolo": "$",
        "price": "1297",
        "description": "Frost Cat Indoor 7.5Kg  + Obsequio \r\n        \r\n        \r\n        \r\n        \r\n        \r\n        \r\n        \r\n        ",
        "age": 2,
        "name_age": "Adulto",
        "id_race": 1,
        "image": "FymRkKhuBMTK.jpeg",
        "price_not": 1,
        "discount": null,
        "amunt_discuount": null
    },
    {
        "id": 347,
        "name_article": "Frost Cat Indoor 3Kg",
        "category": 2,
        "marca": 36,
        "simbolo": "$",
        "price": "760",
        "description": "Para Envio Monto Minimo $800\r\n        \r\n        \r\n        \r\n        \r\n        \r\n        \r\n        ",
        "age": 2,
        "name_age": "Adulto",
        "id_race": null,
        "image": "qbbtkNWy87fy.jpeg",
        "price_not": null,
        "discount": null,
        "amunt_discuount": null
    },
    {
        "id": 348,
        "name_article": "Frost Cat Indoor 1Kg",
        "category": 2,
        "marca": 36,
        "simbolo": "$",
        "price": "274",
        "description": "Envio Monto Minimo $800 \r\n        \r\n        \r\n        \r\n        \r\n        \r\n        \r\n        ",
        "age": 2,
        "name_age": "Adulto",
        "id_race": null,
        "image": "shDWrwPKvC2Q.jpeg",
        "price_not": null,
        "discount": null,
        "amunt_discuount": null
    },
    {
        "id": 349,
        "name_article": "Frost Gatito 1Kg ",
        "category": 2,
        "marca": 36,
        "simbolo": "$",
        "price": "295",
        "description": "Envio Monto Minimo $800\r\n        \r\n        \r\n        \r\n        \r\n        \r\n        ",
        "age": 1,
        "name_age": "Cachorro",
        "id_race": null,
        "image": "PmuSmBCoob2o.png",
        "price_not": null,
        "discount": null,
        "amunt_discuount": null
    },
    {
        "id": 433,
        "name_article": "Casita Carpa 54x50x50 ( Consultar Stock)",
        "category": 3,
        "marca": 64,
        "simbolo": "$",
        "price": "525",
        "description": "Producto Sujeto A Stock \r\n\r\nMedidas:  54x50x50\r\n\r\nVarios Colores\r\n        \r\n        ",
        "age": 2,
        "name_age": "Adulto",
        "id_race": null,
        "image": "AFvI5XfpylMZ.jpg",
        "price_not": null,
        "discount": null,
        "amunt_discuount": null
    },
    {
        "id": 434,
        "name_article": "Casita Plastico 2 Aguas  82x56x71 ( Consultar Stock ) ",
        "category": 3,
        "marca": 64,
        "simbolo": "$",
        "price": "2230",
        "description": "Producto Sujeto A Stock\r\n\r\nMedidas: 82x56x71\r\n        \r\n        \r\n        ",
        "age": 2,
        "name_age": "Adulto",
        "id_race": null,
        "image": "mYbOt9oiwUgC.jpg",
        "price_not": null,
        "discount": null,
        "amunt_discuount": null
    },
    {
        "id": 435,
        "name_article": "Casita Plastica Durapets  Nro 1   48x39x39  ( Consultar Stock )",
        "category": 3,
        "marca": 64,
        "simbolo": "$",
        "price": "790",
        "description": "Producto Sujeto A Stock \r\n\r\nColores: Rosada/Naranja/Negra/Beige/Rojo\r\n\r\nMedidas : 48x39x39 \r\n\r\n\r\n        \r\n        \r\n        \r\n        ",
        "age": 2,
        "name_age": "Adulto",
        "id_race": null,
        "image": "2354WC61OVHQ.jpg",
        "price_not": null,
        "discount": null,
        "amunt_discuount": null
    },
    {
        "id": 436,
        "name_article": "Casita Plastica Durapets Nro 2  60x47x47  ( Consultar Stock )",
        "category": 3,
        "marca": 64,
        "simbolo": "$",
        "price": "1130",
        "description": "Producto Sujeto A Stock \r\n\r\nColor: Rosada/Roja/Beige/Negra/Naranja\r\n\r\nMedidas: 60x47x47       \r\n        ",
        "age": 2,
        "name_age": "Adulto",
        "id_race": null,
        "image": "ZVgA1ujCMnXN.jpg",
        "price_not": null,
        "discount": null,
        "amunt_discuount": null
    },
    {
        "id": 437,
        "name_article": "Casita Plastica Durapets  Nro 3   70x58x58 ( Consultar Stock )",
        "category": 3,
        "marca": 64,
        "simbolo": "$",
        "price": "2005",
        "description": "Producto Sujeto A Stock\r\n\r\nColor: Rosada/Roja/Beige/Negra/Naranja\r\n\r\nMedidas: 70x58x58 \r\n        \r\n        \r\n        ",
        "age": 2,
        "name_age": "Adulto",
        "id_race": null,
        "image": "mh8vgxbnorUI.jpg",
        "price_not": null,
        "discount": null,
        "amunt_discuount": null
    },
    {
        "id": 438,
        "name_article": "Casita Plastica Durapets  Nro 4  80x72x72 ( Consultar Stock )",
        "category": 3,
        "marca": 64,
        "simbolo": "$",
        "price": "3175",
        "description": "Producto Sujeto A Stock \r\n\r\nVariedad de colores\r\n\r\nTecho Desarmable\r\n\r\nMedidas: 80x72x72 \r\n        \r\n        \r\n        ",
        "age": 2,
        "name_age": "Adulto",
        "id_race": null,
        "image": "eupToH624u7r.png",
        "price_not": null,
        "discount": null,
        "amunt_discuount": null
    },
    {
        "id": 439,
        "name_article": "Casita De Tela Con Ruedas Nro 1 ( Consultar Stock ) ",
        "category": 3,
        "marca": 64,
        "simbolo": "$",
        "price": "1475",
        "description": "Producto Sujeto A Stock \r\n\r\n        ",
        "age": 2,
        "name_age": "Adulto",
        "id_race": null,
        "image": "419MweM0P92i.jpg",
        "price_not": null,
        "discount": null,
        "amunt_discuount": null
    },
    {
        "id": 440,
        "name_article": "Casita De Tela Con Ruedas Nro 2 ( Consultar Stock ) ",
        "category": 3,
        "marca": 64,
        "simbolo": "$",
        "price": "1745",
        "description": "Producto Sujeto A Stock \r\n        ",
        "age": 2,
        "name_age": "Adulto",
        "id_race": null,
        "image": "1GxeTv9YLQF0.jpg",
        "price_not": null,
        "discount": null,
        "amunt_discuount": null
    },
    {
        "id": 442,
        "name_article": "Carpa Igloo  45x47x47  (Consultar Stock) ",
        "category": 3,
        "marca": 65,
        "simbolo": "$",
        "price": "585",
        "description": "Carpa Igloo  45x47x47 (Consultar Stock) \r\n        ",
        "age": 2,
        "name_age": "Adulto",
        "id_race": null,
        "image": "CjihmpNsXr5c.jpg",
        "price_not": null,
        "discount": null,
        "amunt_discuount": null
    },
    {
        "id": 444,
        "name_article": "Cama Igloo  46x40 Puerta 27x18  (Consultar Stock ) ",
        "category": 3,
        "marca": 65,
        "simbolo": "$",
        "price": "1080",
        "description": "Cama Igloo  46x40 Puerta 27x18  (Consultar Stock ) \r\n        ",
        "age": 2,
        "name_age": "Adulto",
        "id_race": null,
        "image": "kWaqaplIo0Td.jpg",
        "price_not": null,
        "discount": null,
        "amunt_discuount": null
    },
    {
        "id": 445,
        "name_article": "Cama Tela Nro 1  48x40x12  ( Consultar Stock ) ",
        "category": 3,
        "marca": 65,
        "simbolo": "$",
        "price": "645",
        "description": "Cama Tela Nro 1  48x40x12  ( Consultar Stock ) ",
        "age": 2,
        "name_age": "Adulto",
        "id_race": null,
        "image": "OL0CdUAHY2oo.jpg",
        "price_not": null,
        "discount": null,
        "amunt_discuount": null
    },
    {
        "id": 446,
        "name_article": "Cama Tela Nro 2  56x45x14  ( Consultar Stock ) ",
        "category": 3,
        "marca": 65,
        "simbolo": "$",
        "price": "780",
        "description": "Cama Tela Nro 2  56x45x14  ( Consultar Stock ) \r\n        ",
        "age": 2,
        "name_age": "Adulto",
        "id_race": null,
        "image": "OYHnHqVP16Y2.jpg",
        "price_not": null,
        "discount": null,
        "amunt_discuount": null
    },
    {
        "id": 447,
        "name_article": "Cama Cubo 36x36  ( Consultar Stock ) ",
        "category": 3,
        "marca": 65,
        "simbolo": "$",
        "price": "840",
        "description": "Cama Cubo 36x36  ( Consultar Stock ) ",
        "age": 2,
        "name_age": "Adulto",
        "id_race": null,
        "image": "UKTTs7mcrePg.jpg",
        "price_not": null,
        "discount": null,
        "amunt_discuount": null
    },
    {
        "id": 448,
        "name_article": "Colchoneta 90x60  ( Consultar Stock )",
        "category": 3,
        "marca": 65,
        "simbolo": "$",
        "price": "800",
        "description": "Colchoneta 90x60  ( Consultar Stock )",
        "age": 2,
        "name_age": "Adulto",
        "id_race": null,
        "image": "4yqV8l9dDMRK.jpg",
        "price_not": null,
        "discount": null,
        "amunt_discuount": null
    },
    {
        "id": 449,
        "name_article": "Cama Polifon  64x43  ( Consultar Stock) ",
        "category": 3,
        "marca": 65,
        "simbolo": "$",
        "price": "865",
        "description": "Cama Polifon  64x43  ( Consultar Stock) ",
        "age": 2,
        "name_age": "Adulto",
        "id_race": null,
        "image": "Q5pahTZmL11D.jpg",
        "price_not": null,
        "discount": null,
        "amunt_discuount": null
    },
    {
        "id": 450,
        "name_article": "Colchoneta Polifon  80x55  ( Consultar Stock ) ",
        "category": 3,
        "marca": 65,
        "simbolo": "$",
        "price": "880",
        "description": "Colchoneta Polifon  80x55  ( Consultar Stock ) ",
        "age": 2,
        "name_age": "Adulto",
        "id_race": null,
        "image": "F7i8PmHMsZyf.jpg",
        "price_not": null,
        "discount": null,
        "amunt_discuount": null
    },
    {
        "id": 451,
        "name_article": "Cama Estampada Nro 1  45x35x8  ( Consultar Stock ) ",
        "category": 3,
        "marca": 65,
        "simbolo": "$",
        "price": "530",
        "description": "Cama Estampada Nro 1  45x35x8  ( Consultar Stock ) ",
        "age": 2,
        "name_age": "Adulto",
        "id_race": null,
        "image": "v7g1SFNvLyfv.jpg",
        "price_not": null,
        "discount": null,
        "amunt_discuount": null
    },
    {
        "id": 452,
        "name_article": "Cama Estampada Nro 2  50x45x10  ( Consultar Stock ) ",
        "category": 3,
        "marca": 65,
        "simbolo": "$",
        "price": "740",
        "description": "Cama Estampada Nro 2  50x45x10  ( Consultar Stock ) ",
        "age": 2,
        "name_age": "Adulto",
        "id_race": null,
        "image": "b1ZbPjcuibEW.jpg",
        "price_not": null,
        "discount": null,
        "amunt_discuount": null
    },
    {
        "id": 453,
        "name_article": "Cama Estampada Nro 3  60x55x13   ( Consultar Stock ) ",
        "category": 3,
        "marca": 65,
        "simbolo": "$",
        "price": "885",
        "description": "Cama Estampada Nro 3  60x55x13   ( Consultar Stock ) ",
        "age": 2,
        "name_age": "Adulto",
        "id_race": null,
        "image": "aCoYqtBMhuBa.jpg",
        "price_not": null,
        "discount": null,
        "amunt_discuount": null
    },
    {
        "id": 454,
        "name_article": "Cama Redonda  70x12  ( Consultar Stock ) ",
        "category": 3,
        "marca": 65,
        "simbolo": "$",
        "price": "900",
        "description": "Cama Redonda  70x12  ( Consultar Stock ) ",
        "age": 2,
        "name_age": "Adulto",
        "id_race": null,
        "image": "iZOEZinF3BYM.jpg",
        "price_not": null,
        "discount": null,
        "amunt_discuount": null
    },
    {
        "id": 455,
        "name_article": "Cama Polar  80x55  ( Consultar Stock ) ",
        "category": 3,
        "marca": 65,
        "simbolo": "$",
        "price": "935",
        "description": "Cama Polar  80x55  ( Consultar Stock ) ",
        "age": 2,
        "name_age": "Adulto",
        "id_race": null,
        "image": "hVyf0BZsPZbm.jpg",
        "price_not": null,
        "discount": null,
        "amunt_discuount": null
    },
    {
        "id": 456,
        "name_article": "Buzo Polar 25 Cm ( Consultar Stock ) ",
        "category": 3,
        "marca": 66,
        "simbolo": "$",
        "price": "150",
        "description": "Buzo Polar 25 Cm ( Consultar Stock ) ",
        "age": 2,
        "name_age": "Adulto",
        "id_race": null,
        "image": "YiOLVdQDS60o.jpg",
        "price_not": null,
        "discount": null,
        "amunt_discuount": null
    },
    {
        "id": 457,
        "name_article": "Buzo Polar 30 Cm ( Consultar Stock ) ",
        "category": 3,
        "marca": 66,
        "simbolo": "$",
        "price": "160",
        "description": "Buzo Polar 30 Cm ( Consultar Stock ) ",
        "age": 2,
        "name_age": "Adulto",
        "id_race": null,
        "image": "8ww3BxggKYsq.jpg",
        "price_not": null,
        "discount": null,
        "amunt_discuount": null
    },
    {
        "id": 458,
        "name_article": "Buzo Polar 35 Cm ( Consultar Stock ) ",
        "category": 3,
        "marca": 66,
        "simbolo": "$",
        "price": "175",
        "description": "Buzo Polar 35 Cm ( Consultar Stock ) ",
        "age": 2,
        "name_age": "Adulto",
        "id_race": null,
        "image": "6bYsXip5rgio.jpg",
        "price_not": null,
        "discount": null,
        "amunt_discuount": null
    },
    {
        "id": 459,
        "name_article": "Buzo Polar 40 Cm ( Consultar Stock ) ",
        "category": 3,
        "marca": 66,
        "simbolo": "$",
        "price": "200",
        "description": "Buzo Polar 40 Cm ( Consultar Stock ) ",
        "age": 2,
        "name_age": "Adulto",
        "id_race": null,
        "image": "88LQCgub2fCR.jpg",
        "price_not": null,
        "discount": null,
        "amunt_discuount": null
    },
    {
        "id": 460,
        "name_article": "Buzo Polar 50 Cm ( Consultar Stock ) ",
        "category": 3,
        "marca": 66,
        "simbolo": "$",
        "price": "230",
        "description": "Buzo Polar 50 Cm ( Consultar Stock ) ",
        "age": 2,
        "name_age": "Adulto",
        "id_race": null,
        "image": "mjFO8qYYLYIO.jpg",
        "price_not": null,
        "discount": null,
        "amunt_discuount": null
    },
    {
        "id": 461,
        "name_article": "Buzo Polar 55 Cm ( Consultar Stock ) ",
        "category": 3,
        "marca": 66,
        "simbolo": "$",
        "price": "255",
        "description": "Buzo Polar 55 Cm ( Consultar Stock ) ",
        "age": 2,
        "name_age": "Adulto",
        "id_race": null,
        "image": "4DbYBbE68Isx.jpg",
        "price_not": null,
        "discount": null,
        "amunt_discuount": null
    },
    {
        "id": 463,
        "name_article": "Buzo Polar 65 Cm ( Consultar Stock ) ",
        "category": 3,
        "marca": 66,
        "simbolo": "$",
        "price": "310",
        "description": "Buzo Polar 65 Cm ( Consultar Stock ) ",
        "age": 2,
        "name_age": "Adulto",
        "id_race": null,
        "image": "flY93MkqYxgX.jpg",
        "price_not": null,
        "discount": null,
        "amunt_discuount": null
    },
    {
        "id": 464,
        "name_article": "Buzo Polar 70 Cm ( Consultar Stock ) ",
        "category": 3,
        "marca": 66,
        "simbolo": "$",
        "price": "340",
        "description": "Buzo Polar 70 Cm ( Consultar Stock ) ",
        "age": 2,
        "name_age": "Adulto",
        "id_race": null,
        "image": "G01uz4yBx0NK.jpg",
        "price_not": null,
        "discount": null,
        "amunt_discuount": null
    },
    {
        "id": 465,
        "name_article": "Buzo Polar 75 Cm ( Consultar Stock ) ",
        "category": 3,
        "marca": 66,
        "simbolo": "$",
        "price": "380",
        "description": "Buzo Polar 75 Cm ( Consultar Stock ) ",
        "age": 2,
        "name_age": "Adulto",
        "id_race": null,
        "image": "uSJDJgm3MUe3.jpg",
        "price_not": null,
        "discount": null,
        "amunt_discuount": null
    },
    {
        "id": 466,
        "name_article": "Buzo Polar 45 Cm ( Consultar Stock ) ",
        "category": 3,
        "marca": 66,
        "simbolo": "$",
        "price": "215",
        "description": "Buzo Polar 45 Cm ( Consultar Stock ) ",
        "age": 2,
        "name_age": "Adulto",
        "id_race": null,
        "image": "PYmYwxSO4pNy.jpg",
        "price_not": null,
        "discount": null,
        "amunt_discuount": null
    },
    {
        "id": 467,
        "name_article": "Transportadora 55x39x35  ( Consultar Stock )",
        "category": 3,
        "marca": 67,
        "simbolo": "$",
        "price": "1140",
        "description": "Transportadora 55x39x35  ( Consultar Stock )",
        "age": 2,
        "name_age": "Adulto",
        "id_race": null,
        "image": "CaGrvYViA8MI.jpg",
        "price_not": null,
        "discount": null,
        "amunt_discuount": null
    },
    {
        "id": 468,
        "name_article": "Transportadora 48x35x31  ( Consultar Stock )",
        "category": 3,
        "marca": 67,
        "simbolo": "$",
        "price": "745",
        "description": "Transportadora 48x35x31  ( Consultar Stock )\r\n        \r\n        \r\n        \r\n        \r\n        ",
        "age": 2,
        "name_age": "Adulto",
        "id_race": null,
        "image": "gCTFvuYntoKz.jpg",
        "price_not": null,
        "discount": null,
        "amunt_discuount": null
    },
    {
        "id": 469,
        "name_article": "Bandeja 42x30x10  ( Consultar Stock ) ",
        "category": 3,
        "marca": 68,
        "simbolo": "$",
        "price": "185",
        "description": "Bandeja 42x30x10  ( Consultar Stock ) \r\n        ",
        "age": 2,
        "name_age": "Adulto",
        "id_race": null,
        "image": "ILSwS8HzmAS5.jpg",
        "price_not": null,
        "discount": null,
        "amunt_discuount": null
    },
    {
        "id": 470,
        "name_article": "Bandeja 50x37x12 ( Consultar Stock ) ",
        "category": 3,
        "marca": 68,
        "simbolo": "$",
        "price": "255",
        "description": "Bandeja 50x37x12 ( Consultar Stock ) ",
        "age": 2,
        "name_age": "Adulto",
        "id_race": null,
        "image": "4LKstlicoEy3.jpg",
        "price_not": null,
        "discount": null,
        "amunt_discuount": null
    },
    {
        "id": 471,
        "name_article": "Sanitario Con Borde  + Pala  40x27x12  ( Consultar Stock ) ",
        "category": 3,
        "marca": 68,
        "simbolo": "$",
        "price": "270",
        "description": "Sanitario Con Borde  + Pala  40x27x12  ( Consultar Stock ) ",
        "age": 2,
        "name_age": "Adulto",
        "id_race": null,
        "image": "9vRPA0RceHNU.jpg",
        "price_not": null,
        "discount": null,
        "amunt_discuount": null
    },
    {
        "id": 472,
        "name_article": "Sanitario Con Borde  + Pala  43x30x12  ( Consultar Stock ) ",
        "category": 3,
        "marca": 68,
        "simbolo": "$",
        "price": "380",
        "description": "Sanitario Con Borde  + Pala  43x30x12  ( Consultar Stock ) ",
        "age": 2,
        "name_age": "Adulto",
        "id_race": null,
        "image": "kTs15YMtyJhT.jpg",
        "price_not": null,
        "discount": null,
        "amunt_discuount": null
    },
    {
        "id": 473,
        "name_article": "Kit Bandeja + Plato + Pala ( Consultar Stock )",
        "category": 3,
        "marca": 68,
        "simbolo": "$",
        "price": "240",
        "description": "Kit Bandeja + Plato + Pala ( Consultar Stock ) ",
        "age": 2,
        "name_age": "Adulto",
        "id_race": null,
        "image": "25b7mYR8cOCI.jpg",
        "price_not": null,
        "discount": null,
        "amunt_discuount": null
    },
    {
        "id": 474,
        "name_article": "Baño Cerrado 58x40x40  ( Consultar Stock ) ",
        "category": 3,
        "marca": 68,
        "simbolo": "$",
        "price": "1400 ",
        "description": "Baño Cerrado 58x40x40  ( Consultar Stock ) ",
        "age": 2,
        "name_age": "Adulto",
        "id_race": null,
        "image": "8XThH933hApI.jpg",
        "price_not": null,
        "discount": null,
        "amunt_discuount": null
    },
    {
        "id": 475,
        "name_article": "Baño Cerrado 48x38x43 ( Consultar Stock ) ",
        "category": 3,
        "marca": 68,
        "simbolo": "$",
        "price": "805",
        "description": "Baño Cerrado 48x38x43 ( Consultar Stock ) ",
        "age": 2,
        "name_age": "Adulto",
        "id_race": null,
        "image": "yW2Cw2gKEg2B.png",
        "price_not": null,
        "discount": null,
        "amunt_discuount": null
    },
    {
        "id": 476,
        "name_article": "Bandeja 43x33x11  ( Consultar Stock ) ",
        "category": 3,
        "marca": 68,
        "simbolo": "$",
        "price": "165",
        "description": "Bandeja 43x33x11  ( Consultar Stock ) ",
        "age": 2,
        "name_age": "Adulto",
        "id_race": null,
        "image": "IyxVwQJsaM5b.jpg",
        "price_not": null,
        "discount": null,
        "amunt_discuount": null
    },
    {
        "id": 477,
        "name_article": "Bandeja Jumbo  51x35 ( Consultar Stock )",
        "category": 3,
        "marca": 68,
        "simbolo": "$",
        "price": "280",
        "description": "Bandeja Jumbo  51x35 ( Consultar Stock )",
        "age": 2,
        "name_age": "Adulto",
        "id_race": null,
        "image": "9HII97Wkfs0J.jpg",
        "price_not": null,
        "discount": null,
        "amunt_discuount": null
    },
    {
        "id": 478,
        "name_article": "Bandeja 30x41x9  ( Consultar Stock ) ",
        "category": 3,
        "marca": 68,
        "simbolo": "$",
        "price": "135",
        "description": "Bandeja 30x41x9  ( Consultar Stock ) \r\n        \r\n        ",
        "age": 2,
        "name_age": "Adulto",
        "id_race": null,
        "image": "WK4gRALfK0oT.jpg",
        "price_not": null,
        "discount": null,
        "amunt_discuount": null
    },
    {
        "id": 479,
        "name_article": "Palita  Gato  ( Consultar Stock ) ",
        "category": 3,
        "marca": 68,
        "simbolo": "$",
        "price": "50",
        "description": "Palita  Gato  ( Consultar Stock ) ",
        "age": 2,
        "name_age": "Adulto",
        "id_race": null,
        "image": "m0qnA99EG3Fo.jpg",
        "price_not": null,
        "discount": null,
        "amunt_discuount": null
    },
    {
        "id": 551,
        "name_article": "Bebedero y Comedero ( D610-015 ) ",
        "category": 3,
        "marca": 69,
        "simbolo": "$",
        "price": "630",
        "description": "Bebedero y Comedero ( D610-015 ) \r\n        ",
        "age": 2,
        "name_age": "Adulto",
        "id_race": null,
        "image": "3uqPGJkSECC7.jpg",
        "price_not": null,
        "discount": null,
        "amunt_discuount": null
    },
    {
        "id": 555,
        "name_article": "Dispensador De Agua 3.5 Lts ( D706-045 ) ",
        "category": 3,
        "marca": 69,
        "simbolo": "$",
        "price": "825",
        "description": "Dispensador De Agua 3.5 Lts ( D706-045 ) \r\n        ",
        "age": 2,
        "name_age": "Adulto",
        "id_race": null,
        "image": "uxbmoh5moT2A.jpg",
        "price_not": null,
        "discount": null,
        "amunt_discuount": null
    },
    {
        "id": 592,
        "name_article": "Naturalis Pavo Pollo Castrados 1 Kg ",
        "category": 2,
        "marca": 80,
        "simbolo": "$",
        "price": "230",
        "description": "Naturalis Pavo Pollo Castrados 1 Kg \r\n        \r\n        \r\n        \r\n        \r\n        ",
        "age": 2,
        "name_age": "Adulto",
        "id_race": null,
        "image": "OpLggxcyHfO1.jpeg",
        "price_not": null,
        "discount": null,
        "amunt_discuount": null
    },
    {
        "id": 594,
        "name_article": "Naturalis Pavo Pollo Castrados 10.1 Kg + Obsequio ",
        "category": 2,
        "marca": 80,
        "simbolo": "$",
        "price": "1450",
        "description": "Naturalis Pavo Pollo Castrados 10.1 Kg + Obsequio \r\n        \r\n        \r\n        \r\n        ",
        "age": 2,
        "name_age": "Adulto",
        "id_race": null,
        "image": "GlyzT9oVijoR.jpeg",
        "price_not": null,
        "discount": null,
        "amunt_discuount": null
    },
    {
        "id": 600,
        "name_article": "Naturalis Pollo y Vegetales 1 Kg ",
        "category": 2,
        "marca": 80,
        "simbolo": "$",
        "price": "225",
        "description": "Naturalis Pollo y Vegetales 1 Kg \r\n        \r\n        \r\n        ",
        "age": 2,
        "name_age": "Adulto",
        "id_race": null,
        "image": "t47LMzy9Ud76.jpeg",
        "price_not": null,
        "discount": null,
        "amunt_discuount": null
    },
    {
        "id": 601,
        "name_article": "Naturalis Pollo y Vegetales 3 Kg ",
        "category": 2,
        "marca": 80,
        "simbolo": "$",
        "price": "600",
        "description": "Naturalis Pollo y Vegetales 3 Kg \r\n        \r\n        \r\n        \r\n        ",
        "age": 2,
        "name_age": "Adulto",
        "id_race": null,
        "image": "IdPF7IWAWsaW.jpeg",
        "price_not": null,
        "discount": null,
        "amunt_discuount": null
    },
    {
        "id": 602,
        "name_article": "Naturalis Pollo y Vegetales 10.1 Kg + Obsequio ",
        "category": 2,
        "marca": 80,
        "simbolo": "$",
        "price": "1405",
        "description": "Naturalis Pollo y Vegetales 10.1 Kg + Obsequio \r\n        \r\n        \r\n        ",
        "age": 2,
        "name_age": "Adulto",
        "id_race": null,
        "image": "bxA2dscBPVTa.jpeg",
        "price_not": null,
        "discount": null,
        "amunt_discuount": null
    },
    {
        "id": 603,
        "name_article": "Naturalis Gatito Pollo y Pescado 1 Kg ",
        "category": 2,
        "marca": 80,
        "simbolo": "$",
        "price": "230",
        "description": "Naturalis Gatito Pollo y Pescado 1 Kg \r\n        \r\n        \r\n        ",
        "age": 1,
        "name_age": "Cachorro",
        "id_race": null,
        "image": "rh3Irw98qHsC.jpeg",
        "price_not": null,
        "discount": null,
        "amunt_discuount": null
    },
    {
        "id": 604,
        "name_article": "Naturalis Gatito Pollo y Pescado 10.1 Kg + Obsequio ",
        "category": 2,
        "marca": 80,
        "simbolo": "$",
        "price": "1450",
        "description": "Naturalis Gatito Pollo y Pescado 10.1 Kg + Obsequio \r\n        \r\n        \r\n        \r\n        ",
        "age": 1,
        "name_age": "Cachorro",
        "id_race": null,
        "image": "7rq6LKKxe8fA.jpeg",
        "price_not": null,
        "discount": null,
        "amunt_discuount": null
    }

]